last_name,first_name,country,num_rentals,total_spent
ABNEY,RAFAEL,Philippines,21,2053.59
ADAM,NATHANIEL,"United States",28,3744.16
ADAMS,KATHLEEN,Iran,27,2503.71
ALEXANDER,DIANA,"United States",27,2854.71
ALLARD,GORDON,Yemen,32,5141.76
ALLEN,SHIRLEY,Philippines,31,3927.39
ALVAREZ,CHARLENE,Tanzania,27,3097.71
ANDERSON,LISA,Japan,24,2562.24
ANDREW,JOSE,"Saint Vincent and the Grenadines",25,2418.75
ANDREWS,IDA,Brazil,23,1765.71
AQUINO,OSCAR,Iran,20,1996.00
ARCE,HARRY,Iran,35,5517.75
ARCHULETA,JORDAN,Argentina,30,3981.00
ARMSTRONG,MELANIE,Philippines,25,2318.75
ARNOLD,BEATRICE,India,26,3113.24
ARSENAULT,KENT,Brazil,27,3637.71
ARTIS,CARL,Paraguay,23,2455.71
ASHCRAFT,DARRYL,Argentina,23,1765.71
ASHER,TYRONE,Bulgaria,24,2706.24
AUSTIN,ALMA,Germany,35,5307.75
BAILEY,MILDRED,India,25,2468.75
BAKER,PAMELA,China,23,2202.71
BALES,MARTIN,Angola,27,2800.71
BANDA,EVERETT,Egypt,28,3100.16
BANKS,JESSIE,Bulgaria,26,2385.24
BARBEE,CLAYTON,Brazil,26,2515.24
BARCLAY,ANGEL,Japan,32,3701.76
BARFIELD,NICHOLAS,Brazil,32,4661.76
BARKLEY,VICTOR,"United States",24,2202.24
BARNES,RACHEL,Japan,22,1865.16
BARNETT,CAROLE,"United States",30,3261.00
BARRETT,TRACEY,Nigeria,27,3205.71
BATES,DAISY,"Russian Federation",38,6179.56
BAUGH,EDWARD,"Faroe Islands",28,3212.16
BAUGHMAN,ROBERT,"Russian Federation",21,1948.59
BELL,JEAN,Malaysia,27,3124.71
BENNER,CHESTER,China,24,2394.24
BENNETT,JANE,Brazil,28,2820.16
BERRY,REGINA,China,34,4612.44
BESS,CHARLIE,China,26,3139.24
BETANCOURT,MIGUEL,Germany,29,3935.59
BILLINGSLEY,HENRY,Tonga,18,1328.76
BISHOP,AGNES,India,23,2271.71
BLACK,VALERIE,"United States",26,3165.24
BLAKELY,DEREK,Philippines,28,2736.16
BOLIN,MATHEW,Venezuela,22,1997.16
BONE,DON,Mozambique,25,3343.75
BOSTIC,LEON,Colombia,25,2743.75
BOUDREAU,BOBBY,Anguilla,35,3732.75
BOURQUE,DERRICK,Canada,22,2107.16
BOWENS,CLIFFORD,"Russian Federation",29,3297.59
BOWMAN,CAROLINE,"United States",15,762.75
BOX,BYRON,Kazakstan,29,3500.59
BOYD,EMMA,Egypt,23,2179.71
BRADLEY,ANA,"United States",34,5938.44
BREAUX,TED,China,29,3413.59
BREWER,VICKIE,Germany,31,3741.39
BRINSON,RUSSELL,Poland,36,4919.04
BROOKS,BEVERLY,Taiwan,24,2346.24
BROTHERS,CHRIS,Spain,22,1865.16
BROWN,ELIZABETH,Taiwan,38,5495.56
BROWNLEE,GUY,China,32,5109.76
BRYANT,PAULA,India,18,1400.76
BUFORD,CLINTON,"United States",25,2593.75
BULL,WESLEY,Spain,40,7104.00
BUNN,TIMOTHY,Brazil,22,2019.16
BURK,EDWIN,"South Africa",23,2685.71
BURKE,LYDIA,Argentina,24,1986.24
BURLESON,SIDNEY,Poland,25,2718.75
BURNS,APRIL,"United Kingdom",26,2463.24
BURTON,COLLEEN,Germany,24,2106.24
BUSTAMANTE,LEROY,China,32,3797.76
BUTLER,LOIS,Brunei,35,3977.75
BUTTERFIELD,ALLEN,India,21,1801.59
BYRD,DEANNA,Philippines,26,2801.24
CABRAL,DANIEL,Brazil,20,1956.00
CALDWELL,KAY,China,20,1976.00
CAMPBELL,CATHERINE,"Russian Federation",34,4850.44
CARBONE,CHAD,India,25,2243.75
CARLSON,TERRY,Japan,29,3703.59
CARPENTER,LORETTA,Canada,22,2063.16
CARR,EILEEN,Paraguay,18,1454.76
CARRANZA,TONY,Japan,21,1549.59
CARROLL,JUNE,Algeria,37,6424.31
CARTER,AMANDA,Morocco,27,2989.71
CARY,TIM,India,39,6848.79
CASILLAS,ALFRED,Egypt,26,3139.24
CASTILLO,GERTRUDE,Greenland,34,4680.44
CASTRO,JENNY,"Puerto Rico",27,2800.71
CAUSEY,PHILIP,"Russian Federation",31,3772.39
CHAMBERS,KRISTINA,Venezuela,28,3072.16
CHAPA,VERNON,Turkey,18,1598.76
CHAPMAN,TONYA,India,32,5173.76
CHAVEZ,KRISTEN,Japan,18,1580.76
CHEATHAM,MARIO,Algeria,28,3156.16
CHESTNUT,PEDRO,Ukraine,24,2490.24
CHISHOLM,JOHNNIE,Poland,24,2922.24
CHOATE,RAMON,Ecuador,31,4361.39
CHRISTENSON,NELSON,Spain,20,1556.00
CHURCHILL,FERNANDO,"South Korea",25,2943.75
CINTRON,AUSTIN,China,19,1592.39
CLARK,MICHELLE,Bangladesh,35,5447.75
CLARY,ADRIAN,Italy,19,1421.39
COLBY,BERNARD,India,22,1953.16
COLE,TRACY,Mexico,30,3981.00
COLEMAN,KATHRYN,Ukraine,26,3399.24
COLLAZO,TOMMY,Iran,38,7091.56
COLLINS,DIANE,Sudan,35,5937.75
COOK,GLORIA,"French Polynesia",30,4071.00
COOPER,JOAN,"United States",23,1949.71
CORNISH,ALLAN,Philippines,19,1516.39
CORNWELL,BRETT,India,34,4714.44
COUGHLIN,CARLOS,India,23,2455.71
COX,JUDITH,China,33,3322.11
COY,GARY,China,25,2593.75
CRAIG,BOBBIE,Mexico,24,1938.24
CRAWFORD,ESTHER,"South Africa",28,2680.16
CRAWLEY,MAURICE,Mexico,29,4022.59
CROMWELL,IVAN,Mexico,26,2593.24
CROUSE,ALBERT,Cameroon,23,2294.71
CRUZ,KIM,"United States",21,1738.59
CULP,THEODORE,India,31,3617.39
CULPEPPER,EUGENE,China,19,1364.39
CUNNINGHAM,STACY,Colombia,23,2271.71
CURLEY,STEVEN,India,29,3848.59
CURRIER,NORMAN,Indonesia,26,2099.24
CURTIS,LEAH,Poland,25,2618.75
DANIELS,DANIELLE,Mexico,25,2643.75
DAVIDSON,PATSY,Ecuador,28,3352.16
DAVIS,JENNIFER,"United States",28,2624.16
DAY,COURTNEY,"South Korea",32,4245.76
DEAN,MARCIA,Philippines,42,7374.36
DELOACH,ALVIN,Mexico,29,4051.59
DELUCA,RON,Japan,23,2386.71
DELVALLE,WADE,Switzerland,22,1843.16
DEVORE,HERMAN,Tanzania,29,3355.59
DIAZ,EMILY,"South Korea",24,2202.24
DIXON,AMBER,Taiwan,27,3070.71
DOUGLAS,MARSHA,Mozambique,37,5610.31
DOUGLASS,SEAN,Ethiopia,23,2110.71
DOWD,LLOYD,Indonesia,19,1269.39
DUGGAN,FREDDIE,Peru,25,2493.75
DUNCAN,SAMANTHA,Mexico,23,1650.71
DUNN,ERIN,"Russian Federation",27,2881.71
EAST,JEFF,"Dominican Republic",30,3231.00
EASTER,BEN,"Russian Federation",26,3191.24
EBERT,LEO,China,23,2409.71
EDWARDS,JOYCE,"Saudi Arabia",28,3660.16
EGGLESTON,JIMMIE,Poland,28,3800.16
ELLINGTON,MELVIN,China,26,2541.24
ELLIOTT,KATIE,Kenya,25,2743.75
ELLIS,GRACE,Germany,33,4609.11
ELROD,JAVIER,Chad,32,4341.76
ELY,JARED,Indonesia,19,1668.39
EMMONS,KURT,Japan,23,2294.71
ESTEP,TRAVIS,"Saudi Arabia",25,2768.75
EVANS,ANN,"Russian Federation",17,1306.11
FARNSWORTH,JOHN,India,31,4268.39
FENNELL,ALEXANDER,Italy,36,5459.04
FERGUSON,BERTHA,Nigeria,25,2543.75
FERNANDEZ,MELINDA,Pakistan,17,1374.11
FIELDS,VICKI,Germany,25,2718.75
FISHER,CINDY,Venezuela,29,3297.59
FLEMING,MYRTLE,"Dominican Republic",24,2658.24
FLETCHER,MAE,Spain,31,4919.39
FLORES,JULIA,Argentina,32,4309.76
FORD,CRYSTAL,Israel,33,4543.11
FORMAN,MICHEAL,Argentina,26,2671.24
FORSYTHE,ENRIQUE,Greece,28,2708.16
FORTIER,RAUL,India,20,2016.00
FORTNER,HOWARD,Iran,26,2437.24
FOSTER,PHYLLIS,China,23,2110.71
FOUST,JACK,"Russian Federation",24,2154.24
FOWLER,JO,Nigeria,20,1476.00
FOX,HOLLY,India,31,3555.39
FRALEY,JUAN,"Russian Federation",23,1696.71
FRANCISCO,JOEL,Bolivia,23,2202.71
FRANKLIN,BETH,Vietnam,25,2593.75
FRAZIER,GLENDA,China,32,4501.76
FREEMAN,SHANNON,India,24,2418.24
FULLER,CLAUDIA,Kuwait,26,2905.24
FULTZ,GERALD,India,30,3651.00
GAFFNEY,FELIX,Lithuania,24,1770.24
GAITHER,RANDY,"Russian Federation",28,3100.16
GAMEZ,CLARENCE,Japan,30,3141.00
GANDY,FLOYD,Mexico,17,1187.11
GANNON,JAMES,Japan,30,3951.00
GARCIA,CAROL,Nigeria,22,2019.16
GARDINER,DAVE,China,32,4309.76
GARDNER,JOANN,Turkey,16,1069.44
GARRETT,NELLIE,India,21,1990.59
GARZA,PEARL,India,22,1689.16
GAVIN,BILL,"United States",28,3212.16
GEARY,RUBEN,Poland,21,1885.59
GEORGE,JOY,Romania,33,4114.11
GIBSON,VICTORIA,Indonesia,27,3016.71
GILBERT,TANYA,"South Korea",33,4774.11
GILLETTE,DUSTIN,Netherlands,26,2619.24
GILLILAND,JOE,Philippines,29,4022.59
GILMAN,DENNIS,"South Africa",28,3212.16
GOMEZ,JOSEPHINE,India,26,2853.24
GONZALES,NORMA,Philippines,21,1675.59
GONZALEZ,MARTHA,Moldova,34,4340.44
GOOCH,ADAM,India,22,2239.16
GOODEN,KENNETH,Israel,17,1442.11
GORDON,LESLIE,Turkey,22,1975.16
GRAF,DOUGLAS,Mexico,25,2868.75
GRAHAM,RITA,France,24,2226.24
GRANT,MICHELE,China,30,3921.00
GRAVES,BRANDY,"United States",28,3436.16
GRAY,JUDY,Algeria,25,2418.75
GRECO,CHRISTOPHER,Italy,31,4578.39
GREEN,VIRGINIA,France,32,4149.76
GREENE,JEANETTE,"Russian Federation",20,1496.00
GREGORY,SONIA,Nigeria,28,3548.16
GRESHAM,ALEX,Mexico,33,5005.11
GREY,ROSS,Philippines,27,2692.71
GRIFFIN,LILLIAN,"United Arab Emirates",25,2668.75
GRIGSBY,THOMAS,"United States",25,2643.75
GRISSOM,TERRY,Japan,20,1456.00
GRUBER,ARMANDO,"United Kingdom",21,1759.59
GUAJARDO,HARVEY,Vietnam,22,2063.16
GUILLEN,ERIK,India,29,3442.59
GUNDERSON,TERRENCE,China,30,3531.00
GUTIERREZ,CARLA,India,26,2697.24
HALE,RAMONA,India,30,3891.00
HALL,JESSICA,"Holy See (Vatican City State)",34,5190.44
HAMILTON,GLADYS,Nigeria,31,4547.39
HANNON,SETH,Bahrain,25,2818.75
HANSEN,DELORES,"Russian Federation",21,1927.59
HANSON,VIOLA,Philippines,32,4149.76
HARDER,GABRIEL,Turkey,26,2905.24
HARDISON,BRYAN,"United States",28,3492.16
HARKINS,BRENT,Turkey,23,2593.71
HARPER,ROBERTA,Iran,23,1949.71
HARRIS,HELEN,India,32,4309.76
HARRISON,WENDY,Mexico,30,2751.00
HART,DANA,"Russian Federation",29,3877.59
HARVEY,ARLENE,India,26,3139.24
HAUSER,COREY,Turkey,22,2239.16
HAVENS,ARNOLD,Philippines,33,5533.11
HAWKINS,JILL,Austria,21,1444.59
HAWKS,LEE,India,27,3232.71
HAYES,ROBIN,"Russian Federation",24,2466.24
HEATON,SHAWN,Thailand,33,5038.11
HENDERSON,ANDREA,Madagascar,22,2063.16
HENNING,ALBERTO,Venezuela,21,1402.59
HENRY,PAULINE,Mexico,27,2665.71
HERNANDEZ,ANGELA,Japan,36,5063.04
HERRERA,NORA,Austria,28,3324.16
HERRMANN,TRACY,Ecuador,28,3632.16
HERZOG,CLAUDE,Angola,25,2793.75
HIATT,EDUARDO,China,27,3529.71
HICKS,MONICA,Ukraine,30,3861.00
HIDALGO,MARCUS,Estonia,30,3471.00
HILL,ANNA,Italy,21,1927.59
HITE,ZACHARY,"United States",31,4547.39
HOFFMAN,MATTIE,"United Kingdom",22,1425.16
HOLLAND,MABEL,Myanmar,30,3381.00
HOLM,PHILLIP,Japan,26,2645.24
HOLMES,LUCILLE,"South Africa",28,3044.16
HOLT,TONI,"United States",23,2202.71
HOPKINS,HILDA,Philippines,29,3558.59
HORTON,BILLIE,Turkey,26,2307.24
HOULE,RAY,"Russian Federation",22,1755.16
HOWARD,ROSE,"French Guiana",22,2283.16
HOWELL,WILLIE,Argentina,26,2645.24
HOWLAND,MILTON,India,25,3193.75
HUDSON,LAUREN,France,20,1436.00
HUEY,BRANDON,Turkey,37,5647.31
HUGHES,BONNIE,"South Korea",21,1843.59
HUNT,ELEANOR,RÃ©union,46,9960.84
HUNTER,CHARLOTTE,Brazil,24,2250.24
HURTADO,JEREMY,Brazil,28,2904.16
IRBY,CURTIS,Canada,38,6369.56
ISBELL,FREDERICK,Japan,21,2221.59
ISOM,DANNY,Pakistan,21,1927.59
JACKSON,KAREN,Turkey,27,3556.71
JACOBS,GEORGIA,India,26,2879.24
JAMES,KATHY,Philippines,30,3891.00
JENKINS,LOUISE,"South Africa",25,2543.75
JENNINGS,NAOMI,India,35,5342.75
JENSEN,LENA,India,32,5397.76
JIMENEZ,OLGA,Nigeria,32,4629.76
JOHNSON,PATRICIA,"United States",27,3475.71
JOHNSTON,KRISTIN,"United States",31,3617.39
JONES,BARBARA,Myanmar,22,1799.16
JORDAN,TIFFANY,China,14,838.04
JORDON,JERRY,Japan,29,4167.59
JOY,JOSEPH,Brazil,30,4041.00
JUNG,CHRISTIAN,India,24,2130.24
KAHN,ALAN,China,26,3243.24
KELLEY,ELSIE,Nigeria,37,5240.31
KELLY,DENISE,Brazil,27,2800.71
KENNEDY,RHONDA,Netherlands,39,7589.79
KENYON,JEROME,Chile,16,1181.44
KIM,LILLIE,Egypt,23,2064.71
KINDER,REGINALD,Indonesia,28,3240.16
KING,MELISSA,Taiwan,34,4204.44
KNIGHT,GAIL,Switzerland,25,2743.75
KNOTT,KELLY,China,25,2593.75
KOWALSKI,CHARLES,Malaysia,32,4437.76
KRAUS,LESTER,India,16,1053.44
KRUGER,HERBERT,"Russian Federation",20,1576.00
LAMBERT,MISTY,"United Arab Emirates",27,3205.71
LANCE,JACOB,"United States",21,1675.59
LANE,RENEE,"United States",26,2541.24
LARSON,HEIDI,China,34,4170.44
LARUE,DARYL,Iraq,27,3016.71
LAWRENCE,LAURIE,India,23,2294.71
LAWSON,JEANNE,Turkmenistan,27,3691.71
LAWTON,LAWRENCE,Cameroon,31,3121.39
LEE,KIMBERLY,Argentina,25,2393.75
LEONE,LOUIS,Philippines,35,5657.75
LEWIS,SARAH,Latvia,30,3591.00
LINTON,GEORGE,Brazil,33,4345.11
LITTLE,MAUREEN,Paraguay,21,1843.59
LOMBARDI,DWIGHT,"South Africa",17,1272.11
LONG,JACQUELINE,Thailand,33,4906.11
LOPEZ,AMY,India,29,3703.59
LOVELACE,BARRY,Zambia,33,4444.11
LOWE,PRISCILLA,Mexico,35,5517.75
LUCAS,VELMA,Nigeria,27,3178.71
LUMPKIN,WILLARD,Mexico,22,2129.16
LYMAN,LEWIS,Israel,19,1649.39
LYNCH,JACKIE,Colombia,25,2343.75
MACKENZIE,STEVE,Indonesia,34,5394.44
MADRIGAL,RALPH,"Puerto Rico",34,5122.44
MAHAN,MATTHEW,Mexico,31,3555.39
MAHON,DONALD,China,23,2064.71
MALCOLM,CLIFTON,Taiwan,27,3178.71
MARK,JOSHUA,India,30,3591.00
MARKHAM,WILLIE,Argentina,25,2543.75
MARLOW,SAMUEL,India,21,1696.59
MARSHALL,SHERRY,Egypt,34,5224.44
MARTEL,CALVIN,Venezuela,23,2570.71
MARTIN,SANDRA,"United Kingdom",28,3324.16
MARTINEZ,RUTH,"South Africa",24,3018.24
MARTINO,HAROLD,Brazil,32,4181.76
MASON,JUANITA,India,30,3321.00
MATTHEWS,ERICA,China,22,2107.16
MATTOX,RICK,Egypt,27,3367.71
MAULDIN,GREGORY,Tunisia,23,1811.71
MAY,GWENDOLYN,Japan,25,2468.75
MCADAMS,ALFREDO,"Russian Federation",20,1716.00
MCALISTER,RENE,"United States",26,2957.24
MCCARTER,MORRIS,Taiwan,34,4748.44
MCCARTNEY,JESUS,Brazil,24,2754.24
MCCOY,VERA,Afghanistan,18,1220.76
MCCRARY,RICHARD,"United States",25,2743.75
MCCURDY,BRAD,Taiwan,25,2643.75
MCDONALD,EDITH,India,19,1364.39
MCDUFFIE,SAM,Colombia,24,2826.24
MCKINNEY,MIRIAM,Japan,26,3529.24
MCWHORTER,RAYMOND,Azerbaijan,30,4071.00
MEADOR,RICARDO,Japan,21,2095.59
MEDINA,DORA,China,23,2478.71
MEEHAN,CORY,Belarus,24,1962.24
MEEK,ANTONIO,Brazil,16,1261.44
MENA,CASEY,Turkey,34,4816.44
MENARD,PETER,Netherlands,23,2455.71
MENDOZA,MARIAN,Brazil,23,2478.71
MEYER,NATALIE,Brazil,23,2202.71
MILAM,JESSIE,China,33,4675.11
MILES,BECKY,India,29,3355.59
MILLARD,SHANE,Mexico,22,2107.16
MILLER,MARIA,Yugoslavia,33,5005.11
MILLS,ALICIA,India,21,1759.59
MILNER,TOM,"United Arab Emirates",32,3445.76
MITCHELL,STEPHANIE,Armenia,25,2968.75
MOELLER,RODNEY,Nigeria,23,2409.71
MONTGOMERY,STACEY,China,34,5156.44
MOORE,MARGARET,Oman,23,2064.71
MORALES,ANITA,India,15,942.75
MORENO,STELLA,Mexico,22,2305.16
MORGAN,EVELYN,Liechtenstein,28,3212.16
MORRELL,CRAIG,Philippines,30,3741.00
MORRIS,HEATHER,Japan,30,3471.00
MORRISON,BESSIE,Italy,28,3716.16
MORRISSEY,JASON,Argentina,28,3604.16
MOTLEY,BRADLEY,India,27,3421.71
MURPHY,CHERYL,India,27,3610.71
MURRAY,THELMA,Peru,32,4053.76
MURRELL,MANUEL,"Sri Lanka",30,3501.00
MYERS,PEGGY,"Saudi Arabia",24,2322.24
NEAL,PENNY,India,18,1238.76
NELSON,DEBRA,Brazil,29,4109.59
NETTLES,JAIME,Peru,29,3674.59
NEUMANN,RANDALL,"Dominican Republic",23,2294.71
NEWSOM,PATRICK,Vietnam,31,3710.39
NGO,JUSTIN,Brazil,36,4667.04
NGUYEN,TAMARA,Brazil,25,2343.75
NICHOLS,SUZANNE,Indonesia,24,2274.24
NOE,ELMER,Cambodia,26,2567.24
NOLAND,JULIO,Ukraine,21,1885.59
NOLEN,CODY,Brazil,22,2173.16
OBRIEN,LEONA,China,14,712.04
OCAMPO,MARION,China,29,3355.59
OGLESBY,ISAAC,Mexico,29,3674.59
OLIVARES,JORGE,Indonesia,34,4578.44
OLIVER,ELLA,Yemen,31,4268.39
OLSON,ANNETTE,India,24,2370.24
OLVERA,DWAYNE,India,22,2239.16
ORTIZ,SYLVIA,Colombia,32,4597.76
OUTLAW,MARC,Italy,30,3711.00
OWENS,CARMEN,Venezuela,26,2541.24
PAINE,DAN,"United Kingdom",22,2415.16
PALMER,MEGAN,China,27,2503.71
PARKER,FRANCES,Brazil,22,2393.16
PATTERSON,WANDA,Colombia,30,4371.00
PAYNE,LYNN,Malawi,28,3464.16
PEARSON,IRMA,Philippines,18,1274.76
PEMBERTON,LANCE,Morocco,22,1821.16
PENA,ERIKA,Finland,26,2645.24
PEREZ,CAROLYN,Thailand,30,3531.00
PERKINS,GERALDINE,Israel,30,3381.00
PERRY,SARA,Mexico,33,4675.11
PERRYMAN,WALTER,China,30,3831.00
PETERS,SUE,China,40,6184.00
PETERSON,NICOLE,India,22,2085.16
PFEIFFER,BOB,China,24,2202.24
PHILLIPS,JANET,Chile,27,3448.71
PIERCE,SALLY,India,32,3829.76
PINSON,JEFFERY,Pakistan,31,3772.39
PITT,MAX,Yugoslavia,24,2586.24
POINDEXTER,HECTOR,"Russian Federation",26,3113.24
PORTER,CARRIE,China,34,4238.44
POULIN,BILLY,Philippines,35,5237.75
POWELL,ANNE,"United Kingdom",23,2018.71
POWER,DARRELL,Canada,25,2293.75
PREWITT,KEN,Romania,29,3210.59
PRICE,IRENE,Kazakstan,23,1788.71
PULLEN,GLENN,Netherlands,23,2156.71
PURDY,ANDREW,Azerbaijan,27,2962.71
QUALLS,STEPHEN,Bangladesh,28,3324.16
QUIGLEY,TROY,Canada,30,4341.00
QUINTANILLA,ROGER,Taiwan,36,5279.04
RALSTON,VINCENT,Mexico,25,2643.75
RAMIREZ,CHRISTINA,"Saudi Arabia",18,1454.76
RAMOS,EVA,"United States",18,1508.76
RAPP,ANDRE,Chile,28,3548.16
RATCLIFF,DALE,"South Africa",27,3043.71
RAY,AUDREY,Austria,29,3471.59
REA,JIM,Mexico,33,4246.11
REED,DORIS,"Russian Federation",22,2217.16
REID,CONSTANCE,Nigeria,25,2393.75
RENNER,NEIL,Vietnam,32,4885.76
REYES,DEBBIE,Japan,32,4181.76
REYNOLDS,ROSA,"United States",30,4011.00
RHOADS,EDGAR,Turkey,25,2393.75
RHODES,SHERRI,India,33,4246.11
RICE,JAMIE,"United States",29,4051.59
RICHARDS,WILMA,"United States",20,1836.00
RICHARDSON,ASHLEY,"United States",25,2818.75
RICKETTS,RONNIE,Senegal,25,2518.75
RICO,KEITH,Slovakia,26,2333.24
RILEY,BRITTANY,Ukraine,28,4472.16
RINEHART,MARK,"Saudi Arabia",26,2723.24
RIVERA,KATHERINE,Switzerland,14,824.04
ROBB,JAY,Indonesia,26,2333.24
ROBERT,ERIC,Argentina,27,3313.71
ROBERTS,CHRISTINE,"French Polynesia",24,2394.24
ROBERTSON,JOANNE,Japan,34,4340.44
ROBINS,GREG,Vietnam,30,4251.00
ROBINSON,SHARON,Pakistan,30,3471.00
RODRIGUEZ,LAURA,Morocco,22,2503.16
RODRIQUEZ,VIOLET,"Hong Kong",30,4281.00
ROGERS,TERESA,Japan,29,3732.59
ROMERO,MINNIE,Indonesia,34,4850.44
ROSE,DARLENE,"North Korea",31,3524.39
ROSS,MARILYN,Nigeria,30,4131.00
ROUSH,TERRANCE,Hungary,29,3239.59
ROYAL,DAVID,Peru,26,3009.24
RUIZ,VIVIAN,Netherlands,23,2087.71
RUNYON,NATHAN,"Virgin Islands, U.S.",32,3925.76
RUSSELL,ANNIE,Mozambique,18,1058.76
RYAN,TARA,Indonesia,20,1776.00
SALISBURY,RYAN,Latvia,30,4281.00
SANBORN,GENE,Oman,27,2638.71
SANCHEZ,JULIE,Spain,29,3123.59
SANDERS,TAMMY,Taiwan,41,6379.19
SATTERFIELD,WILLIAM,Yemen,26,2619.24
SAUER,DEAN,"South Africa",27,2962.71
SCARBOROUGH,JONATHAN,Mexico,18,1310.76
SCHILLING,JESSE,"Congo, The Democratic Republic of the",26,2645.24
SCHMIDT,ROSEMARY,Turkey,35,5167.75
SCHOFIELD,LEONARD,Argentina,32,3509.76
SCHRADER,JIMMY,"Russian Federation",29,3065.59
SCHULER,KEVIN,Nepal,22,2569.16
SCHWAB,ANTHONY,"American Samoa",20,1436.00
SCHWARZ,BRUCE,Japan,23,2386.71
SCOTT,REBECCA,Japan,24,2154.24
SCROGGINS,STANLEY,Japan,30,4191.00
SEAL,KARL,"United States",45,9969.75
SELBY,AARON,"Congo, The Democratic Republic of the",24,2658.24
SEWARD,LESLIE,Indonesia,35,5342.75
SHANKS,EARL,Japan,27,3016.71
SHAW,CLARA,Belarus,42,8214.36
SHELBY,RICKY,China,25,2293.75
SHELLEY,SCOTT,"United States",25,2368.75
SHELTON,DIANNE,Iran,31,4206.39
SHERROD,WARREN,"Russian Federation",33,5269.11
SIKES,FRANCIS,Mexico,26,2723.24
SILVA,MAXINE,Brazil,32,3733.76
SILVERMAN,MICHAEL,China,29,3703.59
SIMMONS,TINA,Brazil,28,3744.16
SIMPKINS,ARTHUR,"Russian Federation",32,4981.76
SIMPSON,ELLEN,Brazil,28,3296.16
SIMS,VANESSA,Germany,19,1649.39
SKIDMORE,FRANCISCO,Brazil,22,2173.16
SLEDGE,GILBERT,"United Kingdom",28,3632.16
SLONE,WALLACE,Nigeria,25,2743.75
SMITH,MARY,Japan,32,3797.76
SNYDER,MARION,Brazil,39,7589.79
SOTO,NINA,India,29,3587.59
SOUTH,ROLAND,China,23,1857.71
SPEAR,JEFFREY,Indonesia,23,2087.71
SPENCER,CATHY,Japan,29,3558.59
SPURLOCK,KYLE,China,30,3321.00
STANFIELD,SERGIO,Mexico,26,2827.24
STANLEY,ALLISON,Cambodia,27,2503.71
STCLAIR,KIRK,Taiwan,19,1231.39
STEPHENS,LORRAINE,China,21,1822.59
STEPP,ERNEST,China,25,2243.75
STEVENS,ELAINE,"Russian Federation",24,2586.24
STEWART,ALICE,"United States",33,4576.11
STILL,IAN,"United States",27,2611.71
STONE,VERONICA,"United States",32,4053.76
SULLIVAN,DAWN,Tuvalu,26,3139.24
SUTTON,FELICIA,China,28,2428.16
SWAFFORD,PERRY,Argentina,24,2826.24
TALBERT,GLEN,Mexico,26,2957.24
TAN,TODD,Ukraine,29,3413.59
TAYLOR,DOROTHY,Iran,25,2493.75
TEEL,SALVADOR,Gambia,30,3891.00
TERRY,JENNIE,"Czech Republic",29,3877.59
THOMAS,NANCY,India,28,2904.16
THOMPSON,DONNA,"Russian Federation",21,2074.59
THORN,MARSHALL,"United Kingdom",23,2708.71
THRASHER,LARRY,Turkey,26,2931.24
TIRADO,LONNIE,Indonesia,18,1706.76
TOBIAS,CLYDE,China,29,3355.59
TOMLIN,EDDIE,Philippines,27,3475.71
TORRES,KELLY,China,22,2195.16
TROUT,PAUL,"Russian Federation",23,2777.71
TROUTMAN,FRANKLIN,China,22,1645.16
TRUONG,WAYNE,India,19,1345.39
TUBBS,DUANE,Nauru,31,4609.39
TUCKER,MARJORIE,Poland,32,4085.76
TURNER,MARIE,"Russian Federation",26,2983.24
TURPIN,JOHNNY,Sudan,19,1098.39
VANHORN,ANDY,Mexico,25,2843.75
VARGAS,CHRISTY,China,31,3803.39
VARNEY,BENJAMIN,Mexico,23,2202.71
VASQUEZ,TERRI,Brazil,27,3421.71
VEST,JULIAN,Japan,28,3072.16
VINES,CECIL,"United Kingdom",26,3009.24
VU,ROBERTO,China,30,4191.00
WADE,MARGIE,China,36,5747.04
WAGGONER,FRANK,Bangladesh,32,4085.76
WAGNER,DOLORES,Malaysia,26,2983.24
WALDROP,HUGH,China,21,1906.59
WALKER,DEBORAH,Pakistan,29,3355.59
WALLACE,CONNIE,"Russian Federation",23,2317.71
WALTERS,CASSANDRA,"United States",30,3891.00
WARD,JANICE,Sweden,34,4918.44
WARREN,HAZEL,China,34,3762.44
WASHINGTON,RUBY,China,28,3100.16
WATKINS,YVONNE,Venezuela,21,1948.59
WATSON,THERESA,Philippines,30,2991.00
WATTS,SHELLY,"United States",26,2957.24
WAUGH,JAMIE,Japan,25,2968.75
WAY,MIKE,India,35,5832.75
WEAVER,YOLANDA,Tanzania,27,2989.71
WEBB,ETHEL,"South Africa",32,4341.76
WEINER,RONALD,Mexico,30,3981.00
WELCH,MARLENE,Japan,26,3061.24
WELLS,SHEILA,Turkey,18,1328.76
WEST,EDNA,"South Africa",26,2801.24
WESTMORELAND,MITCHELL,Vietnam,32,4309.76
WHEAT,FRED,Mexico,25,2218.75
WHEELER,LUCY,India,26,2385.24
WHITE,BETTY,"United States",28,3296.16
WHITING,ROY,Kenya,29,4167.59
WILES,JON,Bolivia,24,2106.24
WILLIAMS,LINDA,Greece,26,3529.24
WILLIAMSON,GINA,Yemen,28,3128.16
WILLIS,BERNICE,Turkey,33,4807.11
WILSON,SUSAN,"New Zealand",24,2226.24
WINDHAM,DARREN,Italy,24,2610.24
WOFFORD,VIRGIL,Mexico,27,2908.71
WOOD,LORI,India,31,4392.39
WOODS,FLORENCE,Argentina,30,3801.00
WREN,TYLER,China,21,1864.59
WRIGHT,BRENDA,India,26,2723.24
WYMAN,BRIAN,Poland,12,634.56
YANEZ,LUIS,France,20,1596.00
YEE,MARVIN,India,21,1591.59
YOUNG,CYNTHIA,India,32,3573.76
